{"search":"","showTags":false,"showAttachments":false,"hideUnresolved":false,"showOrphans":true,"showArrow":true,"textFadeMultiplier":-1.5,"nodeSizeMultiplier":1.23469551282051,"lineSizeMultiplier":2.31442307692308,"centerStrength":0.516025641025641,"repelStrength":13.1597222222222,"linkStrength":0.399439102564103,"linkDistance":30,"scale":0.8376630196213494}